model_mode,scope,ticker,observations,holding_return_mae,holding_return_rmse,directional_accuracy,period_end_price_mase,mean_pinball_loss,interval_80_coverage,mean_interval_80_width,mean_cross_sectional_rank_correlation
last_value,overall,ALL,2870,0.024488081608824812,0.03757161235020412,,5.3102309013702937,,,,
last_value,ticker,AGG,205,0.0094467354310035136,0.013038843959081519,,4.7855177079089364,,,,
last_value,ticker,BIL,205,0.0011806577734030815,0.0018823667124638279,,9.1403685249466875,,,,
last_value,ticker,DBC,205,0.039947410390376137,0.051765494054348153,,5.2317269967543014,,,,
last_value,ticker,EEM,205,0.043283155829091133,0.056195433422638413,,4.6198023857786445,,,,
last_value,ticker,EFA,205,0.036421273589394079,0.047757029564514296,,4.8757157840395076,,,,
last_value,ticker,GLD,205,0.0370469934903776,0.047683280190149523,,5.7243484588134192,,,,
last_value,ticker,HYG,205,0.016416693731519279,0.023686663530965359,,5.0877437371471874,,,,
last_value,ticker,IEF,205,0.014329537393969178,0.019064995970440417,,4.6964069342277712,,,,
last_value,ticker,IWM,205,0.047880327924776402,0.061736630185745038,,5.1939746652878309,,,,
last_value,ticker,LQD,205,0.015598183666512885,0.021460825915011833,,5.1079963347588935,,,,
last_value,ticker,SHY,205,0.0027835147671862927,0.0042046467533972051,,5.1021224215405976,,,,
last_value,ticker,SPY,205,0.036294759364780139,0.04596450414062439,,5.5933045573791631,,,,
last_value,ticker,TIP,205,0.011078460015879523,0.014377087162128094,,4.5935292598812243,,,,
last_value,ticker,TLT,205,0.031125439155278121,0.040786784950640795,,4.5906748507199584,,,,
timesfm3_multivariate,overall,ALL,2870,0.024332037148984877,0.038197140880378164,0.56027874564459934,4.8644045147999035,0.0099190666339075539,0.76376306620209056,0.076023646548353377,0.07512195121951222
timesfm3_multivariate,ticker,AGG,205,0.0098215179646723993,0.013494465201440767,0.53170731707317076,5.043984674042834,0.0039993896446035085,0.75121951219512195,0.029271189922278115,
timesfm3_multivariate,ticker,BIL,205,0.00023335781958887442,0.00034095109547162467,0.74634146341463414,2.0402582967949767,9.2769045888136816e-05,0.76097560975609757,0.00080085151499817561,
timesfm3_multivariate,ticker,DBC,205,0.041075501554149081,0.054154575295653401,0.48780487804878048,5.353694630938274,0.016585711939687157,0.78048780487804881,0.13747347786519923,
timesfm3_multivariate,ticker,EEM,205,0.042247144768744131,0.055973329090826605,0.54146341463414638,4.6502139871965653,0.017613843911951765,0.78536585365853662,0.13799280438661018,
timesfm3_multivariate,ticker,EFA,205,0.035369094383636029,0.048421682320378356,0.58536585365853655,4.8948721862229512,0.014695407634873205,0.75609756097560976,0.11101932853365085,
timesfm3_multivariate,ticker,GLD,205,0.038196145183588603,0.048692393736044157,0.53658536585365857,5.8448109208131447,0.015474879398440493,0.775609756097561,0.12109725876604288,
timesfm3_multivariate,ticker,HYG,205,0.015173862790950829,0.022932006177302965,0.64390243902439026,4.7971079093790863,0.0060838526951279759,0.80000000000000004,0.048777921215525502,
timesfm3_multivariate,ticker,IEF,205,0.015429818693035474,0.019989613293443682,0.45365853658536587,5.1170805467283893,0.0062432835851072019,0.74634146341463414,0.045539142070514328,
timesfm3_multivariate,ticker,IWM,205,0.046410194821341122,0.061798317593383251,0.551219512195122,5.1139512871250652,0.018657797730342301,0.75609756097560976,0.14043324533804791,
timesfm3_multivariate,ticker,LQD,205,0.016053440506774125,0.021774804780991648,0.48292682926829267,5.2670035676315443,0.0064929497992463796,0.75121951219512195,0.048741408278143786,
timesfm3_multivariate,ticker,SHY,205,0.0026954169352532715,0.0041175363807597013,0.65365853658536588,5.067785060391623,0.0010977112165828445,0.77073170731707319,0.008352445603142673,
timesfm3_multivariate,ticker,SPY,205,0.033505450995232479,0.04623724125885334,0.64878048780487807,5.270666155177727,0.013497249122112635,0.73658536585365852,0.0969961692351098,
timesfm3_multivariate,ticker,TIP,205,0.011328898067662746,0.014818714762015619,0.53170731707317076,4.69150528278315,0.004737715974702867,0.76097560975609757,0.037208055681157849,
timesfm3_multivariate,ticker,TLT,205,0.033108675601159106,0.043239778215149488,0.44878048780487806,4.948728701973331,0.013594371176039276,0.76097560975609757,0.10062775326652586,
timesfm3_univariate,overall,ALL,2870,0.024871746432471031,0.038952908995103022,0.55191637630662016,4.8955589395526751,0.010183492998288768,0.74076655052264806,0.075783905648437053,0.073192173679978559
timesfm3_univariate,ticker,AGG,205,0.0098823232180343858,0.013627564846064965,0.51219512195121952,5.0796268760172349,0.0040321710965388786,0.76097560975609757,0.031596013082570061,
timesfm3_univariate,ticker,BIL,205,0.00020868029012236202,0.00030660417609508023,0.75121951219512195,1.8388681617580842,8.4545809877507909e-05,0.78536585365853662,0.00071918628913570184,
timesfm3_univariate,ticker,DBC,205,0.041960071129108961,0.054786482430247654,0.50731707317073171,5.4227390511673947,0.016871886578719273,0.74634146341463414,0.13346402366756466,
timesfm3_univariate,ticker,EEM,205,0.04432061800616497,0.057530685028545726,0.51707317073170733,4.798540625084101,0.018438979696572065,0.75121951219512195,0.13765566419607397,
timesfm3_univariate,ticker,EFA,205,0.036666541988779611,0.050580173247554747,0.57073170731707312,5.0369448103027468,0.015490905802760621,0.68780487804878043,0.10776164013334372,
timesfm3_univariate,ticker,GLD,205,0.039122075318318406,0.049840207603154579,0.5024390243902439,5.9235846865068531,0.015879820303143926,0.75609756097560976,0.11877609656978094,
timesfm3_univariate,ticker,HYG,205,0.015475892017468136,0.023156718209138952,0.61463414634146341,4.8473420515372467,0.0062612961498710032,0.71707317073170729,0.04638593024368752,
timesfm3_univariate,ticker,IEF,205,0.015202108496127551,0.019726071666083714,0.45853658536585368,4.9726516679212969,0.0061818707977049081,0.77073170731707319,0.049653156521599365,
timesfm3_univariate,ticker,IWM,205,0.047927379571752082,0.062861885545080487,0.54634146341463419,5.1446153239566899,0.019182306324667799,0.70731707317073167,0.13673678238377598,
timesfm3_univariate,ticker,LQD,205,0.016511548968333154,0.022501005875771574,0.47317073170731705,5.4272351097834761,0.0067625931914510945,0.76097560975609757,0.053343996756961408,
timesfm3_univariate,ticker,SHY,205,0.0026752843752907065,0.0040997600298135978,0.64390243902439026,5.0462098502008192,0.0010960068580358599,0.75609756097560976,0.0083347801598212482,
timesfm3_univariate,ticker,SPY,205,0.034314879902517519,0.047323765278858815,0.62439024390243902,5.4307731122714715,0.013966656713060821,0.65853658536585369,0.090918564366823759,
timesfm3_univariate,ticker,TIP,205,0.011618686148096302,0.015211559115418532,0.48780487804878048,4.7925718712566674,0.0049334269633927461,0.7219512195121951,0.037133333404978382,
timesfm3_univariate,ticker,TLT,205,0.032318360624480319,0.042802602697440281,0.51707317073170733,4.7761219559733732,0.013386435690246239,0.79024390243902443,0.10849551130200213,
