ticker,sector,weight,predicted_return,forecast_score,composite_score,momentum_score,stability_score
XLE,Energy,0.342455480966001,0.012478659781958168,-1.034095701273516,0.5357359608152387,2.304938013238591,-0.585652430884807
XLK,Technology,0.25270046023082526,0.07224095203075186,1.8538744482069103,0.27306052712792417,-0.39860988087188187,-1.9274320384166213
XLY,Consumer Discretionary,0.2128676156153687,0.06451847470824526,1.4806912393936849,0.15648643858488748,-1.0379856098923794,0.20868978185989512
XLU,Utilities,0.19197644318780513,0.042006568142232456,0.3928194104504151,0.0953467080974084,-0.3719951375793074,0.704111705519538
XLB,Materials,0.0,0.014079263714773397,-0.9567476577970769,0.02112315259731579,0.9022901549421959,-0.014722360052277207
XLI,Industrials,0.0,0.03402417521133419,0.007075965237717603,0.060284321610360715,0.20310957834544852,-0.22630249826785442
XLF,Financials,0.0,0.01692948296508713,-0.8190128453485684,-0.43070873487603467,-0.9199005698502898,2.0723443979734877
XLP,Consumer Staples,0.0,0.018966764298758546,-0.7205626779212058,-0.2448402670318228,0.09411751047600013,0.006879496149730015
XLV,Health Care,0.0,0.029655395861704875,-0.20404218094836088,-0.466488106925278,-0.7759640588083774,-0.23791605388109202
