Date,XLB,XLE,XLF,XLI,XLK,XLP,XLU,XLV,XLY
2010-02-28,0.045122499735066324,0.030091639632621403,0.035261028904440606,0.05332384388346312,0.03482828628570678,0.031679741910621395,-0.013206960441582982,0.0038362415007124895,0.055689660703478916
2010-03-31,0.07916171568449726,0.028168906525744664,0.08898835107804959,0.08692939011829393,0.06839744468768183,0.03767431214979666,0.026905713589427505,0.026673894023476974,0.07806823215309522
2010-04-30,0.0020637075077636347,0.041550950387116314,0.01316627746612653,0.042573702200604524,0.012553908913808254,-0.010741186892320509,0.026298186338510998,-0.03890453847294684,0.06029281216924898
2010-05-31,-0.09532221079972703,-0.1145048209769709,-0.09158413375578889,-0.09118796531102047,-0.07481794829674149,-0.04632679499619008,-0.055190795379442936,-0.06509065702306549,-0.07036169839083184
2010-06-30,-0.07332095417093198,-0.05925526289667682,-0.057287400400628186,-0.06875224528640878,-0.05396684220536774,-0.025313716330544134,-0.007020143886049879,-0.018242881288758617,-0.09719232260807886
2010-07-31,0.12830449053615078,0.0837361542993238,0.06517044470110989,0.10426504939569825,0.07451013826849273,0.05803885736028147,0.07466329485908552,0.013120715229556712,0.07929974181150778
2010-08-31,-0.030302997293196188,-0.049034080725807616,-0.07817799335215336,-0.06932967642200849,-0.05611299350217669,-0.0185322460281252,0.01448803398703813,-0.01645073434670996,-0.03975817326282283
2010-09-30,0.07754931684232225,0.09995539716907942,0.060637275336552277,0.11526796128831984,0.11663661399867031,0.060378898637221345,0.028948141632181512,0.09063321205308505,0.11021474860256464
2010-10-31,0.06162291053083946,0.056724918299961846,0.014633871241497953,0.028772473698028822,0.05777559797090781,0.03192253508842602,0.010835054964753565,0.022302558045375065,0.05537325586224995
2010-11-30,0.011207323281175574,0.058575189147119566,-0.006867918090780134,0.013362378943093889,-0.016426883733625552,-0.01564112251843708,-0.030265255650679612,-0.028874173829338434,0.025241087630436754
2010-12-31,0.10037788579969309,0.0931850984933591,0.10704279014451723,0.07476730637819085,0.055556468196579,0.04399619956670153,0.031053909456268958,0.04603244747856472,0.04095875742315935
2011-01-31,0.0007807036665441469,0.07179476719331324,0.028212671810243117,0.03928848157154796,0.03175854207328266,-0.014671150399363064,0.012125046472401424,0.00571439133598628,-0.0061486043081701025
2011-02-28,0.02653474972291381,0.07368393576712795,0.02743921868602861,0.021247050079520102,0.021931237099582557,0.029085810643632026,0.012294958340702156,0.0312499123893184,0.0599785459837574
2011-03-31,0.017541234963048602,0.018824370030970705,-0.02475385202666458,0.022304249001308563,-0.015509245531425297,0.012459276310834433,0.0023127221744572157,0.018085168322399037,-0.00581488520366924
2011-04-30,0.02123938413949178,0.009153846761590145,-0.0006103471967766616,0.027342746819328134,0.026093442490843,0.05347562370695358,0.04047739003500861,0.06433100543078352,0.03841255718789771
2011-05-31,-0.027403941693335154,-0.0418739574174779,-0.03296698004934295,-0.02764903555258824,-0.01047117686718424,0.02506380743223402,0.02141124527336169,0.024687933677112195,-0.002712800267292259
2011-06-30,-0.004019344164435168,-0.019221223505819784,-0.02745382499060456,-0.0054569707586269445,-0.024832625090398075,-0.02664783182173247,-0.0014386603216042237,-0.0112398669160364,-0.00217675361331382
2011-07-31,-0.03454387795072833,0.014598716440624715,-0.035830670889630545,-0.06874326701788414,0.004279616256809504,-0.012808435919984373,-0.009259124790980344,-0.0396851355181963,-0.013926250033818866
2011-08-31,-0.07024446836073417,-0.10215820368470807,-0.09594597676218564,-0.06574367432848915,-0.053079578353033785,0.001946216055073835,0.021706006383830356,-0.021101716446182195,-0.05245930941581822
2011-09-30,-0.16479484783172926,-0.14423459949788964,-0.11391024593340793,-0.09310075548382346,-0.030696140865937638,-0.03295572567653171,0.0021613811513421233,-0.04488015713872184,-0.06895217757221139
2011-10-31,0.17336515706223832,0.1914197076801274,0.143099101715205,0.14373749443722494,0.10211864680230764,0.04652721119506409,0.03658517324736632,0.057674047881237867,0.11933433068090404
2011-11-30,0.0020318932920209143,0.016640520362495304,-0.05111088798034491,0.014063287032976435,-0.014994227461526566,0.02770615852645464,0.01033011791109173,0.009534931088722498,-0.00717619995984542
2011-12-31,-0.022793083884774745,-0.020423218017322053,0.0213320044059766,0.0025428128074542755,-0.0022890414235975376,0.027703258050401747,0.033314169620815015,0.029650354948726143,0.013074413360407267
2012-01-31,0.10985054052198207,0.022566318339859004,0.081538327415134,0.07318496506970473,0.06208241363901035,-0.01415853484279661,-0.03613159222329676,0.031998170410231896,0.058944634548490304
2012-02-29,-0.005647850683432543,0.05927301936873475,0.04978650388641248,0.027885002474398624,0.07103233900621686,0.03746481109637201,0.006055141420190369,0.01061400857639283,0.04525617938920723
2012-03-31,0.0038077747413856056,-0.03809926350585058,0.07387857370583384,0.009789371883612397,0.0451414425411476,0.031009036593188766,0.013590300307333436,0.04477131883968011,0.0472064958781524
2012-04-30,-0.008114875195852966,-0.007108266011674358,-0.02341751029035488,-0.010956598669390472,-0.011273182659744863,0.002934270676581585,0.017693730620468973,-0.0026590996062734185,0.01153210532818405
2012-05-31,-0.07772035423665669,-0.10682182127247608,-0.09202857405823794,-0.0632257128940813,-0.06338009942431155,-0.011703149425347004,0.005608822991874041,-0.03625686544858897,-0.05503135400545678
2012-06-30,0.0491207174169177,0.04809951735649687,0.04999237576981663,0.03371157667582536,0.03263736088928515,0.036395224156774875,0.04111136056295339,0.05711906887305762,0.019367893691486726
2012-07-31,-0.012751218026796574,0.04941967576399664,0.0013660404373190271,0.0039252008253096715,0.018447487047119626,0.024733919375403923,0.025141776444630004,0.009997590115609523,-0.0054820094158298804
2012-08-31,0.023248931370501102,0.026992308860244618,0.034106797009421985,0.015358782594065978,0.04203690203768162,-0.004771192951316783,-0.04140323222915121,0.01172208042858558,0.046164429374810245
2012-09-30,0.03766463081994531,0.031158669802132444,0.03263692221327408,0.011177963790349521,0.01532801062835043,0.017566746224671803,0.011693250667789368,0.03808886706317183,0.03080784488695132
2012-10-31,-0.020923795343152807,-0.02029112336476846,0.019884714608580545,-0.0010948005594429988,-0.06357386822038358,-0.012280553489863788,0.014014680633310794,-0.0022425419874394503,-0.01538768946673541
2012-11-30,0.018595693875814945,-0.0122326127534087,-0.008804950736404416,0.017538750393555347,0.009005303222689998,0.018366897229329382,-0.042818486065232975,0.00524574620849827,0.031690613813086355
2012-12-31,0.03193068860551973,0.010187537486619158,0.046491545544384616,0.02822608933379711,-0.003914016733154724,-0.020765666104343272,-0.00016595772174254897,-0.003593834685260866,0.004508983444985404
2013-01-31,0.03942442389031697,0.08302964042234717,0.06040226572570884,0.057519622695850314,0.019063962077221275,0.056446440572530454,0.04753708271388035,0.07597771850621893,0.0567029335343292
2013-02-28,-0.013583058526305591,0.0043959704562297475,0.012083286623630896,0.02220564630186672,0.007823109833874353,0.03308942694568873,0.023236691590941883,0.012584211088540131,0.015958741789540154
2013-03-31,0.022119634864297577,0.025426867557238886,0.038738080642964245,0.023705842504627483,0.02577687497741432,0.04926403911773747,0.053689301834416,0.06211467201668919,0.04375861763489208
2013-04-30,0.009443665021074965,-0.01311331391699766,0.026908262395576976,-0.007423536224755778,0.017509256529961714,0.029419577934297836,0.0595906423388739,0.030033025718524398,0.03037735367219674
2013-05-31,0.018963387812737542,0.02849099061944771,0.06096218031608358,0.05018045047825748,0.027921808039350182,-0.021739447736553563,-0.09051426556335196,0.016479266881521015,0.02765072136982627
2013-06-30,-0.0411012964046622,-0.02266692828942174,-0.0157054765747906,-0.015439747257469438,-0.028917395993980133,-0.003022827025096486,0.008945659378099435,-0.005912273573387639,0.008208811767560942
2013-07-31,0.05554119141799707,0.05261774636244043,0.05347059596818071,0.05909908992829127,0.03726710165270397,0.04335761673021721,0.04331658882862954,0.07162329090563158,0.05265955288707813
2013-08-31,-0.0012349800078551576,-0.010312741779129109,-0.05124465621094754,-0.02480080728615952,-0.010400417410699192,-0.04542157637946742,-0.04992386503308566,-0.03528008122874948,-0.02846549515316843
2013-09-30,0.044284429310034845,0.02114182477624782,0.028216070528285453,0.058669359476733574,0.025321541517276502,0.013710894112821448,0.011473525126539652,0.03207423759222183,0.05422924232871651
2013-10-31,0.04189479412764241,0.04197336410990671,0.03314896870337902,0.047619312436336214,0.050250014218389705,0.06406969035404497,0.037731030066764815,0.0430910583536106,0.04585201329578514
2013-11-30,0.013022710805992821,0.0005789854781248494,0.044239282626928,0.03661013830103488,0.030905728019769096,0.015584657128319135,-0.019340056574352782,0.0471857113815648,0.034537363047085545
2013-12-31,0.048962844849343545,0.0287165502061002,0.022476514797702407,0.04218582207398147,0.03534684907185581,0.0068994953106329415,0.009110603064988121,0.007389131934754989,0.022831483829323984
2014-01-31,-0.04716598111972603,-0.057959705536825834,-0.03659672355289356,-0.04267096347524657,-0.025741189587564106,-0.05165240039041574,0.02976002323765603,0.009379635816043397,-0.06000240975111881
2014-02-28,0.06902798468613103,0.05121146907953911,0.030389634273842336,0.04057537206368189,0.04394001494036903,0.0390086602657751,0.0345270444097201,0.06218708967694586,0.06399191868557219
2014-03-31,0.008259172920815239,0.021084329224112963,0.03330793936172238,0.009566210721346557,0.004302481684022252,0.021930065470596727,0.033509502281229064,-0.012577996216960319,-0.028670563004633887
2014-04-30,0.008249033807419703,0.0525485857478194,-0.01700994689764801,0.013376300256239926,0.0027507616041018146,0.027403734880772523,0.042209384604068534,-0.006325842433731355,-0.01359699911179213
2014-05-31,0.029578487905696393,0.016748490366573776,0.015027351634799402,0.01923444527526974,0.037585403411237506,0.018082826327023627,-0.010876932233994663,0.02873355640858155,0.028821826119364458
2014-06-30,0.016145097309384626,0.05513328996106748,0.02422646819679053,0.004749028715269166,0.018688833237717306,-0.002532583932406629,0.04441888459839216,0.021215083050070138,0.019387013710606693
2014-07-31,-0.019943676278128097,-0.034665605542609446,-0.014511672001185971,-0.041250574759141734,0.016949556492811713,-0.03316868387947347,-0.06800726839399429,0.0013152643220857296,-0.012736326373725348
2014-08-31,0.03864349379053844,0.021836000400465627,0.04239132108935917,0.04225326881440972,0.03282021594331774,0.046129017661693084,0.04921206609774065,0.04843225440862997,0.04446811219402558
2014-09-30,-0.014051295099388628,-0.07751340417353902,-0.004033992953676013,-0.011463913503353074,-0.005169866496570585,0.005887559124197805,-0.018729835780807114,0.004350010193809872,-0.027708534102059867
2014-10-31,-0.023996770510672172,-0.03531262783806688,0.02891652001230849,0.03875813681688056,0.016039580704033884,0.03546856537194487,0.08030406855933281,0.05257386263653041,0.02114278290459226
2014-11-30,0.015702525753802155,-0.08693654237498483,0.02348991545908108,0.03079162415483294,0.04810101690590818,0.055448924761289486,0.01165654309845765,0.03478534593724136,0.05447844877265395
2014-12-31,-0.005569020178339823,-0.0021079472898659635,0.018702785629221452,-0.00021596372534793407,-0.021767687964859284,-0.00935693293562434,0.03567154314058585,-0.014033340646155357,0.008899529950661789
2015-01-31,-0.01832051828371173,-0.04560370554718984,-0.06955165317344614,-0.03552521480047033,-0.035066298600762935,-0.00969294914203045,0.023295138094629575,0.013015260798408868,-0.029937466799344614
2015-02-28,0.0796813376065193,0.04592977696330358,0.058235710368451876,0.05350944080094644,0.07994958232728355,0.041441245973591334,-0.06394902170089012,0.04287588375194695,0.08544072063871844
2015-03-31,-0.049048282537123344,-0.011552261123404683,-0.006160162560209015,-0.02546031271030913,-0.03435599492701391,-0.019426525855366306,-0.009953124704666694,0.006406381140012352,-0.004829439354604337
2015-04-30,0.03362015877710367,0.06573844508949334,0.0008289411170963046,-0.002510252410713232,0.027510443137154894,-0.0075913066749889735,-0.00472627107681689,-0.010897059130733244,-0.0005313384588282455
2015-05-31,0.003768380798790494,-0.05188688935160324,0.019478491019903066,0.0032352556472985405,0.01855305607984059,0.008683254737442248,0.006331906630598683,0.04504271696418116,0.013145587666302916
2015-06-30,-0.0394952093809533,-0.0348351106847975,-0.004610478047614719,-0.026546731679523594,-0.04112855618702027,-0.01834381639212368,-0.0598402405439854,-0.003919583692294726,0.005544848992330653
2015-07-31,-0.05042376202700316,-0.0769026128103103,0.03404436767501995,0.0029596854398314942,0.028502581691003614,0.056932756115015914,0.061022809254082544,0.029573238419783987,0.048901420081298275
2015-08-31,-0.056365922325238516,-0.042519332515552066,-0.07060683102571674,-0.054039278982011996,-0.05519015746116174,-0.05963038563222889,-0.03478082406474492,-0.07964440759028024,-0.06532015819916348
2015-09-30,-0.07421382217361916,-0.07193383445013535,-0.028134544154567065,-0.022040206677329977,-0.013718696038402811,0.003898589640181749,0.029174823431889596,-0.05702874171733041,-0.0058699514835212074
2015-10-31,0.13426831884027846,0.11160127753266291,0.06266565410368918,0.0877931859090213,0.10506325933581362,0.0570035734924319,0.010626079357611395,0.077155067413889,0.09035821139502942
2015-11-30,0.00993806554318688,-0.00014695025644062554,0.019933732834111817,0.008660321116455538,0.007101896506364058,-0.009222230249765206,-0.02125717015954487,-0.0032237514292066116,-0.0023465714833813545
2015-12-31,-0.04340065391480219,-0.10516960457902391,-0.023643862038341346,-0.02572430952455318,-0.02081124021587022,0.02917683109292124,0.02119185071698282,0.017228693331929446,-0.028430921750596472
2016-01-31,-0.10709373109078124,-0.03498008463754343,-0.0885439114655735,-0.05697054218889919,-0.037123902606895354,0.0053475240659919265,0.04944525670587696,-0.07718979895954536,-0.05181722567338298
2016-02-29,0.07815345185742784,-0.02800205308191006,-0.029005235944760788,0.04260842469621351,-0.006546974471868361,0.0031523801768322812,0.019374880552220697,-0.0036108786337482046,0.004452800225707154
2016-03-31,0.07573039650575852,0.10165874529991936,0.07159134821518909,0.0697353255224642,0.08821699806640004,0.04738309863257073,0.07976421523296384,0.02707443113542163,0.0669746470832171
2016-04-30,0.051104445226421324,0.09064489836677647,0.035999933576324805,0.012439315242847693,-0.050270358117239344,-0.014323175381394049,-0.024183446459749236,0.029654847843891385,0.0012637384663767293
2016-05-31,-0.0033970202428027507,-0.009333259858674281,0.018876374286737496,-0.0042736602417853264,0.04889604953105797,0.0068831768044976815,0.015076152945512344,0.022352666155119882,0.0005057137951101076
2016-06-30,-0.007845829212551614,0.02720712070488207,-0.032327066587133024,0.007131774100427535,-0.0137780487722714,0.053585360234192025,0.07628054638125059,0.009091755734875528,-0.011395599560709346
2016-07-31,0.050712551764387825,-0.012602550051923234,0.03455784963855435,0.03624357613398366,0.07101697007728935,-0.008159713721366146,-0.006670263105042817,0.048668240802304474,0.0456056314034361
2016-08-31,-0.0026697724422146685,0.016770484473819014,0.038478182375113024,0.009476221643971217,0.011625309987156385,-0.0058499433946574975,-0.055448896109663526,-0.0324463658510693,-0.012986855704651079
2016-09-30,-0.011612183480010252,0.03688202013861841,-0.02801776836628722,0.0018615156120533882,0.021018167825395118,-0.015455471442266222,0.003610623986908923,-0.005096589598464818,-0.002666490201073235
2016-10-31,-0.02094219576892231,-0.02818290557823888,0.022797844962812785,-0.020041080372526054,-0.007534518247817146,-0.007705414400166477,0.008981452823554337,-0.06587166745521933,-0.024238074733266335
2016-11-30,0.06823537660642165,0.08466903212874621,0.14032400922643662,0.09089305478313503,0.001686969471968336,-0.04204519456910094,-0.05421815911067385,0.02063556660708632,0.04801555091830845
2016-12-31,0.0017662746922308958,0.017308033231533182,0.03756462275198169,0.0030608473784832224,0.02259836217670186,0.02996549127351278,0.048988216916408645,0.007162450452588454,0.00039043661651771977
2017-01-31,0.04547313210516246,-0.03212969616901551,0.0025804047130297825,0.01864344794460937,0.0355668712823447,0.017018271875679503,0.01255895489135117,0.02291839712229593,0.042137437817401535
2017-02-28,0.005581261508097013,-0.02085077117711509,0.052767106689860066,0.03912901757284337,0.045327242560970316,0.04772752240932321,0.052663677729928526,0.06338619083715136,0.01815380864354732
2017-03-31,0.006218547586464895,-0.014859657304606921,-0.029561046570950156,-0.007655547185068556,0.02226052545168633,-0.004226958269332504,-0.0013532996001668351,-0.004805573360573523,0.021339536294910477
2017-04-30,0.012592718536676095,-0.029471008703568224,-0.008428045566919451,0.019674263805369074,0.02007108786389389,0.01099305514229143,0.007600741865444682,0.015330424191997816,0.023991152503131108
2017-05-31,0.0001886726782318604,-0.03537724348879223,-0.011899457814856018,0.01778733715690617,0.039536452372151754,0.02645925286514128,0.041392887129927614,0.0076820285689469525,0.010992553192671783
2017-06-30,0.018502541949356743,-0.0011165189473504311,0.06513310948118267,0.01351236522315813,-0.028118223798774822,-0.02253503256124756,-0.027088335803692964,0.04567115429858881,-0.012593735867698519
2017-07-31,0.015424290837227295,0.026186058789276156,0.01702443249232366,0.002936305840115283,0.04459065946127905,0.006916642660914629,0.024249551819568005,0.008202955152017521,0.019301668189163124
2017-08-31,0.007869884225451207,-0.05478857080214783,-0.015543687956474761,0.00219608970445484,0.029216330964326742,-0.011026685416044124,0.03288206314381115,0.01752409398346333,-0.018607728855921102
2017-09-30,0.036970068280402835,0.1018234961869453,0.05132981215622978,0.041844418200929434,0.008178265376819871,-0.00715033231044615,-0.027567208277462507,0.009113985437238847,0.008238950814976498
2017-10-31,0.03873241933940208,-0.0083238124367917,0.028615706389779616,0.0074643683007573625,0.06514397910261693,-0.016487436730618588,0.03901951775502721,-0.007586069122523131,0.021203280389148427
2017-11-30,0.009491280237268196,0.017522946975530473,0.03458653505344045,0.04166121731536587,0.014138234125587568,0.055754368705977164,0.02685049694438102,0.029096342615509085,0.05065783291933035
2017-12-31,0.021269655764823314,0.05269417941136112,0.018881282582564163,0.02108521696426391,0.005458079153618511,0.022530360721888743,-0.060581535409156784,-0.005504664785074498,0.024582444763626032
2018-01-31,0.03998030404459141,0.03584270657045874,0.06556797017211324,0.05365434102317734,0.07036747317447256,0.01634724052154546,-0.031131621410770527,0.06555379080919965,0.09241050480447965
2018-02-28,-0.052740144419268,-0.10834996331856095,-0.029253568689174392,-0.03863070405759539,-0.004090631470210604,-0.07627117388354465,-0.03879299655283586,-0.044948678682544596,-0.034690837758684756
2018-03-31,-0.04146357823696756,0.017230125689478903,-0.04155320211759983,-0.026882820953413877,-0.037338115829272045,-0.009068796989734063,0.0379653183152191,-0.02916626443926862,-0.023846963578432523
2018-04-30,0.0012295135903332977,0.09494182353707292,-0.004352467078902689,-0.02786367485520369,0.0006115507185233682,-0.041421475830450305,0.020383649153830508,0.010565421653122575,0.023792870789119736
2018-05-31,0.02052266427226135,0.02994153154586754,-0.009836124215656161,0.030739331642657408,0.0678278000594621,-0.015658813914763536,-0.011055041022008938,0.0018236038862888826,0.019864723481216373
2018-06-30,0.0027554549361992198,0.005695349205612654,-0.017469072064254187,-0.033890053854237046,-0.0026315730522674663,0.04569029917249923,0.028138514600880793,0.01649350347685785,0.03618714375191345
2018-07-31,0.02858623109508307,0.01553913431899856,0.05114682125490688,0.07385221375402429,0.020872178652155515,0.03958871471982772,0.01597369428355111,0.06553992032931744,0.018023353982901336
2018-08-31,-0.007701308396902751,-0.034751485824389805,0.013595626062708588,0.0023400076304596062,0.06598993059523983,0.003920021083998693,0.012881119614186254,0.043292397747863864,0.051047387368461594
2018-09-30,-0.017954050844290137,0.024459890610920798,-0.022154673502636668,0.021773746521443593,-0.00019227128109056135,0.009871955999890769,-0.006483384423252581,0.029542205631547525,0.005304151953004599
2018-10-31,-0.09183510762378089,-0.11328248806392027,-0.0471356974030005,-0.10867384799085289,-0.08004836606973964,0.020026019677684026,0.019753107665741787,-0.06778755817716853,-0.10100645776049
2018-11-30,0.038015631760781377,-0.015633996152488838,0.026255792421339574,0.038066064535431154,-0.019624587083584832,0.02272328032387616,0.035388312200907324,0.08083451799843355,0.024767387094435378
2018-12-31,-0.068877334233713,-0.12439181284616718,-0.11128944335191449,-0.1065905703661637,-0.0837650008983809,-0.0891454405946307,-0.039944676687377556,-0.09353667785835496,-0.07956233443976646
2019-01-31,0.056017663056187494,0.11211828893858189,0.08900092834677098,0.11426777796567822,0.06937724071034812,0.05139811264826366,0.03476977445810281,0.048086833203582424,0.09867691244804933
2019-02-28,0.031864920987128675,0.023048124623301858,0.022359261788487794,0.06367550644598108,0.06910105718164439,0.017793594614096575,0.04108819270370745,0.010808551790636,0.013145661290650423
2019-03-31,0.012528955710699119,0.02128100360685381,-0.0255940308735626,-0.011494719049085278,0.047686505328395024,0.03823002190236857,0.027914616599123976,0.0048188400505599915,0.03655289521657812
2019-04-30,0.03513546106393717,-0.00015134706814579069,0.08984820132094962,0.03971755714924918,0.06364884136724647,0.028515266840716702,0.009282941835966119,-0.027138546088164572,0.054633422217335026
2019-05-31,-0.08181027479618752,-0.11102702548483967,-0.07173439516827795,-0.07640066646205113,-0.086647198957429,-0.03638887950846881,-0.00783487891881307,-0.022182650087495093,-0.07603924471645584
2019-06-30,0.1156371451389433,0.09395148014988841,0.06653698546971754,0.07920482916067906,0.08938283378284773,0.05219552061953836,0.03186298761409079,0.06594058802788405,0.07815934319579187
2019-07-31,-0.0027351044298334903,-0.01585322086009555,0.023550885605229777,0.005166731055603613,0.03498201601144402,0.02341983547939086,-0.0013415293055253352,-0.01619190964919226,0.012751611987256162
2019-08-31,-0.028282414587009086,-0.08325352940382513,-0.04707973741770144,-0.02647164015418113,-0.015352310958981485,0.02170655293003887,0.05088142393447059,-0.0059250399818472355,-0.00944324146688802
2019-09-30,0.031797630092605056,0.039342921330777214,0.04542139310749427,0.030113604947695105,0.015728365355501372,0.017512460310872058,0.042516422321573044,-0.0010556430950502405,0.012714544731619926
2019-10-31,-0.0001718110461125244,-0.02094583367226832,0.02500008467715986,0.01133626171305524,0.03899209727162534,-0.004233195500007447,-0.0075687396711056065,0.05125913683528993,0.0012426740531383818
2019-11-30,0.03179259837293369,0.01604546080746938,0.050522632644600884,0.044962438799012405,0.053662941789320184,0.013734664724852186,-0.018676779266814658,0.05002637786884656,0.013239473414318192
2019-12-31,0.02862411921510133,0.06026229432576846,0.026092502267836215,-0.0020112779393480773,0.04320652840479955,0.02412735489218254,0.03290505922812881,0.03475302339178121,0.027631858327717307
2020-01-31,-0.06170615412146829,-0.10992675362056359,-0.026640730133836277,-0.004418874871436329,0.03992576333813336,0.0031755105177360132,0.06747140338505453,-0.026703603394481745,-0.0007973470020657958
2020-02-29,-0.0851986823364389,-0.1528815670027811,-0.11248312618539014,-0.09900137916359553,-0.07300959674793706,-0.08214629823455066,-0.09857939123408088,-0.06586612411645076,-0.07572621069365659
2020-03-31,-0.1399674561835056,-0.343709551991796,-0.21035944955272345,-0.18625950175614847,-0.08577919440284842,-0.05532057411517677,-0.09995594182472689,-0.03887368917674361,-0.1491331809166747
2020-04-30,0.15186525052065591,0.30763952892985147,0.09462045982820322,0.08812071859722437,0.13736441893787843,0.06957956436671098,0.03338745392097975,0.12587469887104974,0.18882545673924134
2020-05-31,0.06881270438337772,0.019999690563977657,0.0272048225619701,0.05388553382502148,0.0717646500689475,0.01664940118392977,0.0424379213695385,0.03288877732638018,0.06509436178430494
2020-06-30,0.021814541410618782,-0.010955481698375569,-0.00522788341346736,0.01972844220360348,0.0694903493860839,-0.0022461753179552346,-0.0467225298732159,-0.024425515840608925,0.030738630643791343
2020-07-31,0.0711624265384958,-0.04808439468336212,0.0384614611963876,0.044104492249098515,0.056847525093008056,0.06923605379648312,0.07797256683847809,0.05456156369958731,0.07274273360695549
2020-08-31,0.04357196780604955,-0.010546902608163156,0.04286321137923643,0.08476251162110504,0.11880825626285185,0.04593279491315383,-0.025974153227151575,0.025869628821447055,0.09554764755156131
2020-09-30,0.015076170543319334,-0.14606624949425895,-0.034222445007215496,-0.0068215721533056994,-0.05335102975916073,-0.016747559577517168,0.010813577822458953,-0.021804673194935398,-0.018634018519238182
2020-10-31,-0.007228094958405817,-0.04106858195021035,-0.00872465795618127,-0.014419330661662455,-0.050042730894016785,-0.028705247776071197,0.050522135479678765,-0.03621527292857196,-0.02728264882773901
2020-11-30,0.12361498810019422,0.2799445355259449,0.16848299146876178,0.16027395134014522,0.11383737970651131,0.07468693887459121,0.007373959935157659,0.07948058151449544,0.09995129044624629
2020-12-31,0.024815874030059693,0.044801198147566446,0.06306040255708512,0.01006815987187637,0.05541627634422608,0.016510275976938216,0.006204257287049986,0.037978090567682976,0.024278382301090584
2021-01-31,-0.024173975026054673,0.037466965964755294,-0.017978245246234925,-0.042687854756291,-0.008383601833161447,-0.04981481892259909,-0.008771810916031408,0.014016103066177621,0.007650300814481037
2021-02-28,0.04119471053247259,0.22456782936477748,0.11606216426945815,0.06889236860160297,0.013650802686518082,-0.012326343702113385,-0.06098157063768361,-0.021037785201067916,-0.005308510309058101
2021-03-31,0.07590409795285913,0.02970979827927711,0.058524131545640845,0.0898689231518055,0.018367157660122757,0.08498227691470683,0.10552058747600057,0.04027319653414807,0.04459829433649465
2021-04-30,0.05380707021978237,0.006726381258148839,0.06490477523386029,0.03534765950090657,0.0518783309292683,0.018591499592805816,0.04184887496034939,0.039318197836244684,0.06455654741248651
2021-05-31,0.050818929820182435,0.05709661208344263,0.04771109185579192,0.031296192227681985,-0.009305583656578631,0.01767733255471704,-0.023381109678669576,0.018709146390126996,-0.03398181784752241
2021-06-30,-0.05263202633571862,0.04233949480904009,-0.03039439586653303,-0.022794624522473383,0.06886349219730592,-0.0054438414508062305,-0.022083097388973294,0.022989626936887664,0.03456860548103857
2021-07-31,0.02077509623141549,-0.0831633056237292,-0.004632898471582991,0.009374828671982138,0.03887284731379381,0.02200916968929878,0.04333398671409561,0.049225593471004636,0.010529352500901146
2021-08-31,0.01892389866633537,-0.020044370112006993,0.05147833063696994,0.011126155589731512,0.03559332121843917,0.01048826375093248,0.03895708809624865,0.023155850295805136,0.017846384840168206
2021-09-30,-0.07188581776203007,0.0893150845919799,-0.01842492120978667,-0.06079796022049866,-0.05839956117157308,-0.04139166918493209,-0.060932484410541554,-0.05518414065763977,-0.021408038726793754
2021-10-31,0.07597014297933513,0.10328266183858337,0.07274163265499145,0.06796801937822194,0.08177065465628996,0.03500863524658504,0.0474328033061735,0.05121754514332766,0.12092517211507525
2021-11-30,-0.005521671194925304,-0.050113156876920195,-0.0571285239794439,-0.03560150114850502,0.044511864191313366,-0.013473763324655552,-0.01703811741559713,-0.030563500509921182,0.01635588023421919
2021-12-31,0.07583241260100793,0.029833885360457835,0.03364329174638536,0.053976151090453284,0.03247346890627445,0.10454699403607282,0.09689301238780557,0.0901983124928385,0.0014976072231123183
2022-01-31,-0.06798388254794474,0.18774767604785336,0.0002555284188838769,-0.0479161229632884,-0.06844193451421565,-0.014784122853239712,-0.03255105305313344,-0.06856381098741149,-0.09533354408657235
2022-02-28,-0.012670255761923377,0.07069178354946004,-0.013824562975555565,-0.008437520302532975,-0.04877448604182222,-0.014084578242277157,-0.019061118178418934,-0.009677744962428458,-0.04066000263130565
2022-03-31,0.06118901548931999,0.09338578174557677,-0.0012999140216027882,0.03436381533898225,0.03345018032558067,0.017813451955227322,0.10345238121850975,0.05738174935343854,0.04426699675729129
2022-04-30,-0.0353942463314314,-0.016875826791827753,-0.09942597563052713,-0.07613135644762614,-0.11017416213743447,0.023059927578301886,-0.042976283805278626,-0.048908944295728674,-0.11956744770939876
2022-05-31,0.011760474930942566,0.1603460249244948,0.027818099764487014,-0.004624872584397366,-0.006859259928573169,-0.04082957813659738,0.04308156158662624,0.01489007321570468,-0.051203545618079827
2022-06-30,-0.13856286661860573,-0.17073472499935072,-0.10860861646131226,-0.07366994097967239,-0.09255703455177133,-0.023472367535557703,-0.04895423482882655,-0.02608052301841235,-0.10833509235233052
2022-07-31,0.06154898263655162,0.09662987858122984,0.07185995269634082,0.09503124496177828,0.13451835973939463,0.03200322718084414,0.05447047855617804,0.03243920430212888,0.18439067751512606
2022-08-31,-0.03481368884381886,0.026523872581263985,-0.019578687944519113,-0.028335594801315644,-0.062127208398266576,-0.018525801207054715,0.005273694998992218,-0.05770400656074148,-0.04495478262334052
2022-09-30,-0.09302962934925518,-0.09558723221660292,-0.07655942484538802,-0.10430911668203824,-0.11967128269606908,-0.08132846955772732,-0.11280998504355455,-0.025386771186665658,-0.08206415572582981
2022-10-31,0.08925182129178166,0.24965268830756449,0.11923575509594397,0.13894217796241182,0.07652828490456098,0.09006444792706048,0.01938617637534623,0.09611108051501582,0.01109176402681089
2022-11-30,0.11703577832542766,0.012777895565063702,0.068569680001487,0.07811364242876362,0.0632671022345841,0.06117675731028949,0.06963181282497377,0.04723170649044284,0.014858023416726152
2022-12-31,-0.055187583418924824,-0.030489432931463,-0.052204533380793006,-0.029898362297047898,-0.08210257757947392,-0.027275708085322425,-0.0049442150418721464,-0.01877709297010488,-0.11394950225309564
2023-01-31,0.08972693929843212,0.028124068019094395,0.06900577942462705,0.037063551138854844,0.09257476989799995,-0.010865003773082194,-0.020000008365254285,-0.01832901270348153,0.151285142274046
2023-02-28,-0.033313614034764294,-0.06938737394369032,-0.022975742611634153,-0.008640104431643203,0.004119148592162114,-0.023189819956355495,-0.0591980757476217,-0.04641597924759244,-0.02125084791064591
2023-03-31,-0.010010734725361736,5.3321817174989405e-05,-0.09547693832425186,0.006191274945465786,0.10857978935580781,0.04219328249119836,0.04906036237763245,0.02197843525352705,0.030619283913404072
2023-04-30,-0.0013638108697783258,0.027767506117209795,0.03172629931762261,-0.011662510374302881,-0.0011917055150423295,0.036541189770208815,0.01905744334545334,0.03143804649099646,-0.011234607442801914
2023-05-31,-0.0686531396524851,-0.100316992086117,-0.04250833660403952,-0.03150017600582622,0.08917284420619542,-0.06159614262965518,-0.058712848557013975,-0.04268704080423413,0.025361926093080633
2023-06-30,0.11005700561125398,0.06913367737836884,0.06616042058724259,0.112536651908832,0.06053198046560149,0.0278818112223973,0.01596129796616852,0.04260646046797345,0.12229789619837117
2023-07-31,0.03439095422769323,0.07773808210306532,0.048056986348538056,0.028885525508092202,0.025825297929870317,0.021302437760939874,0.024908334860531012,0.010698206025361534,0.023143519134585677
2023-08-31,-0.033014299683721715,0.01646076334757285,-0.026889377210690624,-0.019833354767860523,-0.015082806385194214,-0.03947164665553493,-0.0612792716878241,-0.007006808359227623,-0.01743995908484497
2023-09-30,-0.04779036411659732,0.02403321401298708,-0.030882375106230264,-0.0594753441440552,-0.06478338309604226,-0.047879173711232736,-0.056424194952866324,-0.02959210747618579,-0.05531999423353928
2023-10-31,-0.0316996122834875,-0.0575285391724043,-0.024419395423881718,-0.02978885618639593,0.000488190409968281,-0.013805966784327883,0.012896550240892868,-0.03262376351108076,-0.05516216570074206
2023-11-30,0.08348668924748437,-0.007160449969936478,0.1093944626314105,0.0883488792061502,0.12895538978149212,0.04126136699025662,0.05143243555890997,0.054359954335855054,0.10966483451375031
2023-12-31,0.045233866273614254,0.0007717873836348144,0.052538803277164536,0.07065555833952941,0.041826981198576973,0.027116523017227445,0.018588110347018016,0.04326105800840119,0.061321596702145875
2024-01-31,-0.03892926474004377,-0.0051287312020682485,0.030851099245990277,-0.00965003358767158,0.02701564281076041,0.012355829067029145,-0.029685686569729364,0.029329970970704444,-0.04412508755046707
2024-02-29,0.06507731678095574,0.03272985382002136,0.040763496211003725,0.07183987289702376,0.04704575294001212,0.020981767305612964,0.01057764585932608,0.03162844497578243,0.07892584976060091
2024-03-31,0.06468333016146355,0.10486376158346111,0.04805647421993786,0.044208758652951596,0.007894204512864933,0.03320617475220078,0.06589997010517545,0.02377735676173498,-0.0006476821562849677
2024-04-30,-0.045860737332798496,-0.009426966423776162,-0.04178536394287069,-0.035249217728249294,-0.05761758355123525,-0.01126261106199078,0.01660338947017448,-0.05009156707952245,-0.044972586242233215
2024-05-31,0.03272037539189432,-0.003421823346739128,0.031714409390973364,0.016375993577099734,0.07076996770625432,0.02437082660675105,0.08960136079008496,0.02401497076865211,0.0019930137614074805
2024-06-30,-0.0305836291576429,-0.014141735174927561,-0.008819120776672906,-0.00988860146504622,0.07835398982035846,-0.002351060660776616,-0.05542646692523934,0.018240002565472313,0.03877006585342957
2024-07-31,0.043370157130337095,0.022600215328663964,0.06397478414178037,0.0491508037131394,-0.032842603496715195,0.016583991709568036,0.06824206028551139,0.02662112698523811,0.027905768628419647
2024-08-31,0.02322547600928604,-0.020706053520862633,0.045724755802457606,0.028155782198504564,0.006992644623921462,0.059858781542121875,0.04808349390772415,0.05059126272976178,-0.0019734024622896085
2024-09-30,0.026836705234609015,-0.03018104152286416,-0.005589006171884958,0.033620402984160025,0.026485253931690877,0.01128421589615547,0.06602944909181563,-0.016574613259690563,0.0730196030083623
2024-10-31,-0.03102297494846229,0.008997690901642041,0.02559577334449581,-0.011887136946272747,-0.015591760366553964,-0.034698699405165456,-0.010769949128509149,-0.04642267439720338,-0.017367880375079414
2024-11-30,0.014883905620289628,0.07833839301005852,0.10456115540355171,0.07591717723696179,0.05170094742390097,0.03869187688952769,0.03779267878895198,0.003676802256925349,0.12905691441629674
2024-12-31,-0.10763036029505324,-0.09579566860985256,-0.054614140194009564,-0.08033202487425639,-0.0035469111094230676,-0.04822793890508714,-0.07974112276021972,-0.06252718547875236,0.011134345070517915
2025-01-31,0.05526513869674421,0.023114551560857288,0.06496991537694252,0.05001528118798637,-0.0073542420757189975,0.004706887372198487,0.02893366180991963,0.06760198357237956,0.034856189930201786
2025-02-28,-0.0003378486628129451,0.03833860375948306,0.013794556803693236,-0.014600727732300922,-0.022875974362412177,0.05191192699223812,0.017206135541022016,0.014025855573368329,-0.06981942426622423
2025-03-31,-0.026702939114382374,0.034932374788078535,-0.041952449390585955,-0.035629436654910696,-0.08286020982935383,-0.011764613243296695,0.0023937985077611135,-0.01581325963380542,-0.08314733979913624
2025-04-30,-0.024307990784790956,-0.1385767992239758,-0.021080225973937883,0.00114422861258201,0.016902440583338008,0.0019591829838314645,0.000634188102400346,-0.03794262612183252,-0.001012908922547684
2025-05-31,0.029204806407059136,0.012795057618598227,0.04511906446269509,0.08840123899314078,0.09972846872939423,0.01222037569242862,0.03827628860073973,-0.05574148113021571,0.08384872153631129
2025-06-30,0.02220651554015518,0.048692602869278234,0.03119064126456439,0.03605220182459079,0.09847864617140756,-0.015749669720562354,0.003747296420888002,0.02106041380111412,0.018672079330620983
2025-07-31,-0.0009109108076856831,0.02829863296829238,0.0,0.030436621099036776,0.037554735004411643,-0.01469684369846136,0.04910591681815357,-0.032346560825628035,0.018865297116583912
2025-08-31,0.051863569269227305,0.03646371411331817,0.030933778483985375,0.0,-0.0011037082217165706,0.012534392495469504,-0.01575806483741715,0.05366858268083252,0.04656106511787472
2025-09-30,-0.02421651836241645,-0.0031819542416609004,0.0010619423721083265,0.018796052971884247,0.07533706483838332,-0.023176768285335547,0.04123619973665549,0.017292236388041005,0.03591383297261097
2025-10-31,-0.04407505986235716,-0.01354369615863904,-0.02784484461140624,0.005381641274156079,0.06677072851691346,-0.026668357458365044,0.02167175215942252,0.03650212697080346,0.0012100958909415649
2025-11-30,0.043539222164447944,0.02632478542347183,0.018331163227289782,-0.00883527582919763,-0.04809087904861853,0.04050864025145895,0.017171634599471908,0.09289422803895753,-0.014462479977161768
2025-12-31,0.019778484420964748,-0.0029602832446410376,0.030591112597060377,0.012761293470487933,0.0075352100026686575,-0.013440718506510185,-0.0508699438604564,-0.013896593928060419,0.01198206386568379
2026-01-31,0.0864388240355618,0.14180269154803216,-0.024283402340809945,0.06652919632030074,-0.0006250330954493677,0.07505152753409394,0.013117878420585205,-0.00038759083789097204,0.014739118549186747
2026-02-28,0.08402677699239214,0.09539665848374734,-0.03761222018676169,0.07072043608262613,-0.03558535174154043,0.07783495460586964,0.1035837780437574,0.03528493724752524,-0.03556987522013977
2026-03-31,-0.06024669272569683,0.1026512408905973,-0.03512002205602005,-0.08442789101178783,-0.041040323559132896,-0.08408570720359343,-0.03182830013336535,-0.08106919329529605,-0.06555770024085517
2026-04-30,0.03001801007318239,-0.0262813718538476,0.05590443986110705,0.07945344984218994,0.20015054420720535,0.02842149434314578,0.020919570652450314,-0.004228873300637037,0.08597903127694617
